year,test,stat,p,k,n
1,ANOVA: hostel_block,0.5600480399896592,0.7304412303608714,6.0,
1,Pearson: roommates vs cgpa,-0.18362514192576557,0.031095214875546926,,138.0
2,ANOVA: hostel_block,1.657988971298687,0.18304768812376143,4.0,
2,Pearson: roommates vs cgpa,-0.18594293561099587,0.09651193885874199,,81.0
3,ANOVA: hostel_block,0.01886709622724955,0.8930259501030898,4.0,
3,Pearson: roommates vs cgpa,-0.2324054708215113,0.38640094041968465,,16.0
4,ANOVA: hostel_block,,,1.0,
